Workbook

Sheet 看板
A1: 智能食堂系统测试看板
A2: 来源：A智能食堂系统概要设计说明书；生成日期：2026-05-29；状态在“总用例”Sheet中维护。
A4: 总用例数 | B4: =COUNTA(总用例!A2:A500) -> 65 | C4: 已执行 | D4: =COUNTIF(总用例!K2:K500,"通过")+COUNTIF(总用例!K2:K500,"失败")+COUNTIF(总用例!K2:K500,"阻塞") -> 65 | E4: 通过 | F4: =COUNTIF(总用例!K2:K500,"通过") -> 65 | G4: 失败 | H4: =COUNTIF(总用例!K2:K500,"失败") -> 0
A7: 阻塞 | B7: =COUNTIF(总用例!K2:K500,"阻塞") -> 0 | C7: 未执行 | D7: =COUNTIF(总用例!K2:K500,"未执行") -> 0 | E7: 执行率 | F7: =IF(B5=0,0,B6/B5) -> 0 | G7: 通过率 | H7: =IF(B6=0,0,B7/B6) -> 0
A10: 执行状态 | B10: 数量 | D10: 模块 | E10: 总数 | F10: 通过 | G10: 失败 | H10: 未执行
A11: 未执行 | B11: =COUNTIF(总用例!K2:K500,"未执行") -> 0 | D11: 用户认证 | E11: =COUNTIF(总用例!B2:B500,"用户认证") -> 10 | F11: =COUNTIFS(总用例!B2:B500,"用户认证",总用例!K2:K500,"通过") -> 10 | G11: =COUNTIFS(总用例!B2:B500,"用户认证",总用例!K2:K500,"失败") -> 0 | H11: =COUNTIFS(总用例!B2:B500,"用户认证",总用例!K2:K500,"未执行") -> 0
A12: 通过 | B12: =COUNTIF(总用例!K2:K500,"通过") -> 65 | D12: 菜品菜单库存 | E12: =COUNTIF(总用例!B2:B500,"菜品菜单库存") -> 10 | F12: =COUNTIFS(总用例!B2:B500,"菜品菜单库存",总用例!K2:K500,"通过") -> 10 | G12: =COUNTIFS(总用例!B2:B500,"菜品菜单库存",总用例!K2:K500,"失败") -> 0 | H12: =COUNTIFS(总用例!B2:B500,"菜品菜单库存",总用例!K2:K500,"未执行") -> 0
A13: 失败 | B13: =COUNTIF(总用例!K2:K500,"失败") -> 0 | D13: 订单交易 | E13: =COUNTIF(总用例!B2:B500,"订单交易") -> 13 | F13: =COUNTIFS(总用例!B2:B500,"订单交易",总用例!K2:K500,"通过") -> 13 | G13: =COUNTIFS(总用例!B2:B500,"订单交易",总用例!K2:K500,"失败") -> 0 | H13: =COUNTIFS(总用例!B2:B500,"订单交易",总用例!K2:K500,"未执行") -> 0
A14: 阻塞 | B14: =COUNTIF(总用例!K2:K500,"阻塞") -> 0 | D14: 取餐排队大屏 | E14: =COUNTIF(总用例!B2:B500,"取餐排队大屏") -> 13 | F14: =COUNTIFS(总用例!B2:B500,"取餐排队大屏",总用例!K2:K500,"通过") -> 13 | G14: =COUNTIFS(总用例!B2:B500,"取餐排队大屏",总用例!K2:K500,"失败") -> 0 | H14: =COUNTIFS(总用例!B2:B500,"取餐排队大屏",总用例!K2:K500,"未执行") -> 0
A15: 不适用 | B15: =COUNTIF(总用例!K2:K500,"不适用") -> 0 | D15: 网关安全 | E15: =COUNTIF(总用例!B2:B500,"网关安全") -> 9 | F15: =COUNTIFS(总用例!B2:B500,"网关安全",总用例!K2:K500,"通过") -> 9 | G15: =COUNTIFS(总用例!B2:B500,"网关安全",总用例!K2:K500,"失败") -> 0 | H15: =COUNTIFS(总用例!B2:B500,"网关安全",总用例!K2:K500,"未执行") -> 0
D16: 部署基础组件 | E16: =COUNTIF(总用例!B2:B500,"部署基础组件") -> 10 | F16: =COUNTIFS(总用例!B2:B500,"部署基础组件",总用例!K2:K500,"通过") -> 10 | G16: =COUNTIFS(总用例!B2:B500,"部署基础组件",总用例!K2:K500,"失败") -> 0 | H16: =COUNTIFS(总用例!B2:B500,"部署基础组件",总用例!K2:K500,"未执行") -> 0
A18: 优先级 | B18: 总数 | C18: 失败数 | D18: 缺陷状态 | E18: 数量 | G18: 严重级别 | H18: 数量
A19: P0 | B19: =COUNTIF(总用例!D2:D500,"P0") -> 34 | C19: =COUNTIFS(总用例!D2:D500,"P0",总用例!K2:K500,"失败") -> 0 | D19: 新建 | E19: =COUNTIF(#REF!,"新建") -> #REF! | G19: 致命 | H19: =COUNTIF(#REF!,"致命") -> #REF!
A20: P1 | B20: =COUNTIF(总用例!D2:D500,"P1") -> 25 | C20: =COUNTIFS(总用例!D2:D500,"P1",总用例!K2:K500,"失败") -> 0 | D20: 处理中 | E20: =COUNTIF(#REF!,"处理中") -> #REF! | G20: 高 | H20: =COUNTIF(#REF!,"高") -> #REF!
A21: P2 | B21: =COUNTIF(总用例!D2:D500,"P2") -> 6 | C21: =COUNTIFS(总用例!D2:D500,"P2",总用例!K2:K500,"失败") -> 0 | D21: 已修复 | E21: =COUNTIF(#REF!,"已修复") -> #REF! | G21: 中 | H21: =COUNTIF(#REF!,"中") -> #REF!
A22: P3 | B22: =COUNTIF(总用例!D2:D500,"P3") -> 0 | C22: =COUNTIFS(总用例!D2:D500,"P3",总用例!K2:K500,"失败") -> 0 | D22: 已验证 | E22: =COUNTIF(#REF!,"已验证") -> #REF! | G22: 低 | H22: =COUNTIF(#REF!,"低") -> #REF!
D23: 关闭 | E23: =COUNTIF(#REF!,"关闭") -> #REF!
A25: 使用说明：测试时主要在“总用例”或对应模块 Sheet 中填写实际结果、执行状态、缺陷ID、测试人、执行日期。看板会根据“总用例”和“缺陷记录”自动统计。

Sheet 总用例
A1: 用例ID | B1: 模块 | C1: 子模块/功能 | D1: 优先级 | E1: 用例类型 | F1: 前置条件 | G1: 测试步骤 | H1: 测试数据 | I1: 预期结果 | J1: 实际结果 | K1: 执行状态 | L1: 缺陷ID | M1: 测试人 | N1: 执行日期 | O1: 备注
A2: TC-001 | B2: 用户认证 | C2: 注册-手机号注册成功 | D2: P0 | E2: 功能 | F2: 游客未登录 | G2: 1. 打开注册页 2. 输入手机号、密码、验证码 3. 提交注册 | H2: 手机号: 13800000001；验证码: 123456 | I2: 注册成功，生成普通用户账号，可跳转登录或自动登录 | K2: 通过
A3: TC-002 | B3: 用户认证 | C3: 注册-学工号注册成功 | D3: P1 | E3: 功能 | F3: 游客未登录 | G3: 输入学工号、密码、验证码并提交 | H3: 学工号: 20260001 | I3: 注册成功，账号状态正常 | K3: 通过
A4: TC-003 | B4: 用户认证 | C4: 注册-重复账号拦截 | D4: P0 | E4: 异常 | F4: 账号已存在 | G4: 使用已注册手机号再次提交注册 | H4: 手机号: 已存在 | I4: 提示账号已存在，不创建重复用户 | K4: 通过
A5: TC-004 | B5: 用户认证 | C5: 登录-密码登录成功 | D5: P0 | E5: 功能 | F5: 存在正常用户 | G5: 输入账号和正确密码登录 | H5: 账号/密码正确 | I5: 登录成功，返回 Access Token 和 Refresh Token | K5: 通过
A6: TC-005 | B6: 用户认证 | C6: 登录-密码错误失败 | D6: P0 | E6: 异常 | F6: 存在正常用户 | G6: 输入账号和错误密码登录 | H6: 错误密码 | I6: 登录失败，提示账号或密码错误，不返回 Token | K6: 通过
A7: TC-006 | B7: 用户认证 | C7: 登录-验证码登录成功 | D7: P1 | E7: 功能 | F7: 验证码有效 | G7: 输入手机号和验证码登录 | H7: 验证码: 123456 | I7: 登录成功并返回 Token | K7: 通过
A8: TC-007 | B8: 用户认证 | C8: Token刷新成功 | D8: P1 | E8: 接口 | F8: Refresh Token 未过期 | G8: 调用刷新 Token 接口 | H8: 有效 Refresh Token | I8: 返回新的 Access Token | K8: 通过
A9: TC-008 | B9: 用户认证 | C9: 注销后Token失效 | D9: P1 | E9: 安全 | F9: 用户已登录 | G9: 1. 调用注销接口 2. 使用旧 Token 访问订单接口 | H9: 旧 Access Token | I9: 网关拒绝旧 Token，请求返回未认证 | K9: 通过
A10: TC-009 | B10: 用户认证 | C10: 用户信息查询与修改 | D10: P1 | E10: 功能 | F10: 用户已登录 | G10: 查询个人信息，修改昵称或手机号后保存 | H10: 昵称: 测试用户 | I10: 保存成功，再次查询显示最新信息 | K10: 通过
A11: TC-010 | B11: 用户认证 | C11: 支付密码校验接口 | D11: P0 | E11: 接口 | F11: 用户已设置支付密码 | G11: 订单服务通过 Feign 调用用户服务验证支付密码 | H11: 正确/错误支付密码 | I11: 正确时返回通过；错误时返回失败 | K11: 通过
A12: TC-011 | B12: 菜品菜单库存 | C12: 菜品新增成功 | D12: P0 | E12: 功能 | F12: 商家已登录且有窗口归属 | G12: 填写菜品名称、分类、价格、图片并提交 | H12: 宫保鸡丁 12.00 | I12: 菜品创建成功，默认可配置上下架状态 | K12: 通过
A13: TC-012 | B13: 菜品菜单库存 | C13: 菜品编辑保留历史订单快照 | D13: P1 | E13: 功能 | F13: 已有历史订单 | G13: 修改菜品名称或价格后查看历史订单 | H13: 菜品名修改 | I13: 历史订单仍显示下单时快照信息 | K13: 通过
... A66: TC-065 | B66: 部署基础组件 | C66: 前端访问网关API | D66: P1 | E66: 集成 | F66: 前端已部署，网关可访问 | G66: 用户端、商家端、管理端、大屏端分别访问 | H66: 四个前端工程 | I66: 页面可加载并调用网关API | K66: 通过

Sheet 字典
A1: 执行状态 | B1: 优先级 | C1: 用例类型 | D1: 模块
A2: 未执行 | B2: P0 | C2: 功能 | D2: 用户认证
A3: 通过 | B3: P1 | C3: 接口 | D3: 菜品菜单库存
A4: 失败 | B4: P2 | C4: 安全 | D4: 订单交易
A5: 阻塞 | B5: P3 | C5: 性能 | D5: 取餐排队大屏
A6: 不适用 | C6: 兼容 | D6: 网关安全
C7: 部署 | D7: 部署基础组件
C8: 异常
C9: 集成

Sheet 微服务测试
A1: 模块名称 | B1: 测试用例数 | C1: 通过率 | D1: 指令覆盖率 (Instructions) | E1: 分支覆盖率 (Branches) | F1: 核心覆盖类 / 新增覆盖点
A2: gateway-service | B2: 15 | C2: 1 | D2: 0.9 | E2: 0.68 | F2: AuthGlobalFilter (92%), RedisTokenBucketRateLimiter (100%)
A3: order-service | B3: 40 | C3: 1 | D3: 0.68 | E3: 0.4 | F3: OrderCreateServiceImpl (77%), RedisOrderIdempotencyService (100%)
A4: user-service | B4: 15 | C4: 1 | D4: 0.6 | E4: 0.32 | F4: UserController (54%), AdminUserController (54%)
A5: smart-canteen-common | B5: 8 | C5: 1 | D5: 0.55 | E5: 0.52 | F5: JwtUtil (76%), SnowflakeIdUtil (76%)
A6: pickup-service | B6: 14 | C6: 1 | D6: 0.42 | E6: 0.27 | F6: PickupQueueServiceImpl (42%), AdminPickupConfigController (50%)
A7: menu-service | B7: 13 | C7: 1 | D7: 0.37 | E7: 0.2 | F7: MenuBrowseController (4%), AdminMerchantServiceImpl (34%)
